{"ShapeNames":["C1","C2","C3","C4","C5","R1","R2","R3","R4","R5","T1","T2","T3","T4","T5"],"Shapes":[{"Name":"C1"},{"Name":"C2"},{"Name":"C3"},{"Name":"C4"},{"Name":"C5"},{"Name":"R1"},{"Name":"R2"},{"Name":"R3"},{"Name":"R4"},{"Name":"R5"},{"Name":"T1"},{"Name":"T2"},{"Name":"T3"},{"Name":"T4"},{"Name":"T5"}],"Triangles":[{"B":2,"C":2,"A":1,"Name":"T1"},{"B":5,"C":7,"A":4,"Name":"T2"},{"B":10,"C":9,"A":5,"Name":"T3"},{"B":2000,"C":1500,"A":1200,"Name":"T4"},{"B":4,"C":5,"A":3,"Name":"T5"}],"Circles":[{"R":10,"Name":"C1"},{"R":1,"Name":"C2"},{"R":11,"Name":"C3"},{"R":9,"Name":"C4"},{"R":5,"Name":"C5"}],"Rectangles":[{"B":5,"A":1,"Name":"R1"},{"B":10,"A":10,"Name":"R2"},{"B":8,"A":7,"Name":"R3"},{"B":10,"A":100,"Name":"R4"},{"B":2,"A":20,"Name":"R5"}],"Name":"\u041A\u0430\u0442\u0430\u043B\u043E\u0433"}