{"ShapeNames":["T1","T6","C2","T5","T2","T3","R3","C5","R6","R2","R5","C4","C3","R4","C6","T4"],"Shapes":[{"Name":"T1"},{"Name":"T6"},{"Name":"C2"},{"Name":"T5"},{"Name":"T2"},{"Name":"T3"},{"Name":"R3"},{"Name":"C5"},{"Name":"R6"},{"Name":"R2"},{"Name":"R5"},{"Name":"C4"},{"Name":"C3"},{"Name":"R4"},{"Name":"C6"},{"Name":"T4"}],"Triangles":[{"B":2,"C":2,"A":1,"Name":"T1"},{"B":5,"C":7,"A":4,"Name":"T2"},{"B":10,"C":9,"A":5,"Name":"T3"},{"B":2000,"C":1500,"A":1200,"Name":"T4"},{"B":4,"C":5,"A":3,"Name":"T5"},{"B":2,"C":2,"A":2,"Name":"T6"}],"Circles":[{"R":1,"Name":"C2"},{"R":11,"Name":"C3"},{"R":9,"Name":"C4"},{"R":5,"Name":"C5"},{"R":52,"Name":"C6"}],"Rectangles":[{"B":10,"A":10,"Name":"R2"},{"B":8,"A":7,"Name":"R3"},{"B":10,"A":100,"Name":"R4"},{"B":2,"A":20,"Name":"R5"},{"B":10,"A":8,"Name":"R6"}],"Name":"\u041A\u0430\u0442\u0430\u043B\u043E\u0433"}