{"Shapes":[{"$type":"circle","R":1,"Name":"C2"},{"$type":"circle","R":11,"Name":"C3"},{"$type":"circle","R":9,"Name":"C4"},{"$type":"circle","R":5,"Name":"C5"},{"$type":"rectangle","B":10,"A":10,"Name":"R2"},{"$type":"rectangle","B":8,"A":7,"Name":"R3"},{"$type":"rectangle","B":10,"A":100,"Name":"R4"},{"$type":"rectangle","B":2,"A":20,"Name":"R5"},{"$type":"triangle","B":2,"C":2,"A":1,"Name":"T1"},{"$type":"triangle","B":5,"C":7,"A":4,"Name":"T2"},{"$type":"triangle","B":10,"C":9,"A":5,"Name":"T3"},{"$type":"triangle","B":2000,"C":1500,"A":1200,"Name":"T4"},{"$type":"triangle","B":4,"C":5,"A":3,"Name":"T5"},{"$type":"circle","R":52,"Name":"C6"},{"$type":"triangle","B":2,"C":2,"A":2,"Name":"T6"},{"$type":"rectangle","B":10,"A":8,"Name":"R6"}],"Name":"\u041A\u0430\u0442\u0430\u043B\u043E\u0433"}